City_ID,City,Country,Date,Lat,Lng,Max Temp,Humidity,Cloudiness,Wind Speed
0,Lavrentiya,RU,2022-05-30 19:00:31,65.5833,-171.0,37.38,89,92,3.74
1,Chokurdakh,RU,2022-05-30 19:00:31,70.6333,147.9167,32.99,82,82,10.49
2,Saldanha,ZA,2022-05-30 19:00:31,-33.0117,17.9442,56.93,69,1,4.83
3,Mazatlan,MX,2022-05-30 18:56:09,23.2167,-106.4167,87.03,77,6,5.01
4,Nelidovo,RU,2022-05-30 19:00:32,56.2211,32.7774,51.87,86,100,5.5
5,Mecca,SA,2022-05-30 19:00:02,21.4267,39.8261,90.7,20,2,6.89
6,Albany,US,2022-05-30 19:00:32,42.6001,-73.9662,87.58,49,45,7.29
7,Torbay,CA,2022-05-30 19:00:32,47.6666,-52.7314,66.27,72,36,5.01
8,Puerto Ayora,EC,2022-05-30 19:00:33,-0.7393,-90.3518,74.16,80,87,9.78
9,Pevek,RU,2022-05-30 19:00:33,69.7008,170.3133,33.87,83,100,1.63
10,Lebu,CL,2022-05-30 19:00:33,-37.6167,-73.65,48.24,63,0,12.64
11,Ventersburg,ZA,2022-05-30 19:00:34,-28.0856,27.1381,45.79,39,0,5.7
12,Castro,BR,2022-05-30 19:00:34,-24.7911,-50.0119,63.41,96,100,7.27
13,Port Blair,IN,2022-05-30 19:00:34,11.6667,92.75,81.84,85,90,15.35
14,Bluff,NZ,2022-05-30 19:00:35,-46.6,168.3333,51.8,77,100,16.31
15,Ushuaia,AR,2022-05-30 19:00:35,-54.8,-68.3,38.64,99,100,5.59
16,Marystown,CA,2022-05-30 19:00:36,47.1666,-55.1483,54.86,100,99,10.22
17,Provideniya,RU,2022-05-30 19:00:36,64.3833,-173.3,40.32,84,100,1.12
18,Rikitea,PF,2022-05-30 19:00:36,-23.1203,-134.9692,74.71,77,25,12.88
19,Ilulissat,GL,2022-05-30 19:00:36,69.2167,-51.1,36.84,77,77,3.56
20,Port Hedland,AU,2022-05-30 19:00:37,-20.3167,118.5667,57.25,94,100,17.27
21,Inirida,CO,2022-05-30 19:00:37,3.8653,-67.9239,88.21,58,76,1.86
22,Petropavlovsk-Kamchatskiy,RU,2022-05-30 19:00:37,53.0452,158.6483,34.39,100,75,2.24
23,Constitucion,CL,2022-05-30 18:58:43,-35.3333,-72.4167,52.16,49,0,9.15
24,Lompoc,US,2022-05-30 19:00:38,34.6391,-120.4579,69.94,62,0,27.0
25,Sheopur,IN,2022-05-30 19:00:38,25.6667,76.7,94.75,19,1,3.89
26,Juneau,US,2022-05-30 19:00:39,58.3019,-134.4197,65.84,72,0,1.43
27,Vila Velha,BR,2022-05-30 18:59:42,-20.3297,-40.2925,84.15,76,20,13.8
28,Ribeira Grande,PT,2022-05-30 19:00:39,38.5167,-28.7,63.0,77,40,33.38
29,Mataura,NZ,2022-05-30 19:00:40,-46.1927,168.8643,51.48,93,100,3.65
30,Cape Town,ZA,2022-05-30 18:55:59,-33.9258,18.4232,59.27,73,75,12.66
31,New Norfolk,AU,2022-05-30 19:00:41,-42.7826,147.0587,41.67,88,100,2.04
32,Meulaboh,ID,2022-05-30 19:00:41,4.1363,96.1285,76.42,88,71,4.88
33,Vanimo,PG,2022-05-30 19:00:42,-2.6741,141.3028,77.22,90,100,4.76
34,Saint-Pierre,RE,2022-05-30 19:00:42,-21.3393,55.4781,69.91,78,20,10.36
35,Baykit,RU,2022-05-30 19:00:42,61.67,96.37,53.29,80,100,7.34
36,Sioux Lookout,CA,2022-05-30 19:00:43,50.1001,-91.917,75.61,64,100,10.2
37,Mitzic,GA,2022-05-30 19:00:44,0.7821,11.549,70.05,97,85,1.86
38,Roi Et,TH,2022-05-30 19:00:44,15.75,103.75,81.48,80,76,4.92
39,Sampit,ID,2022-05-30 19:00:44,-2.5333,112.95,75.51,94,31,2.04
40,Khatanga,RU,2022-05-30 19:00:45,71.9667,102.5,28.83,86,78,7.85
41,Barrow,US,2022-05-30 19:00:45,71.2906,-156.7887,32.02,80,100,11.5
42,Tasiilaq,GL,2022-05-30 19:00:46,65.6145,-37.6368,33.96,89,53,4.99
43,Sinnamary,GF,2022-05-30 19:00:46,5.3833,-52.95,79.54,86,100,10.89
44,Sheoganj,IN,2022-05-30 19:00:47,25.15,73.0667,87.73,43,0,13.42
45,Tselinnoye,RU,2022-05-30 19:00:47,53.0833,85.6667,59.67,75,100,6.8
46,Ust-Ilimsk,RU,2022-05-30 19:01:48,58.0006,102.6619,51.42,69,100,5.86
47,Sola,VU,2022-05-30 19:01:49,-13.8833,167.55,81.79,74,69,11.61
48,Hermanus,ZA,2022-05-30 19:01:49,-34.4187,19.2345,52.81,72,90,20.18
49,Bathsheba,BB,2022-05-30 19:01:49,13.2167,-59.5167,81.79,73,91,14.97
50,Cahir,IE,2022-05-30 19:01:50,52.3769,-7.9217,54.91,90,99,7.45
51,Isangel,VU,2022-05-30 19:01:50,-19.55,169.2667,76.75,87,12,5.39
52,Talnakh,RU,2022-05-30 19:01:51,69.4865,88.3972,35.82,83,5,5.39
53,East London,ZA,2022-05-30 19:01:51,-33.0153,27.9116,57.74,62,100,7.74
54,Muriti,TZ,2022-05-30 19:01:51,-1.9833,32.9167,70.11,71,81,3.15
55,Celestun,MX,2022-05-30 19:01:52,20.8667,-90.4,87.75,61,100,6.96
56,Madawaska,US,2022-05-30 19:01:52,47.3561,-68.3288,72.48,27,0,21.0
57,Inhambane,MZ,2022-05-30 19:01:53,-23.865,35.3833,69.78,83,75,9.22
58,Kirakira,SB,2022-05-30 19:01:53,-10.4544,161.9205,79.72,82,57,5.41
59,Hami,CN,2022-05-30 19:01:54,42.8,93.45,82.6,20,0,19.62
60,Dondo,MZ,2022-05-30 19:01:54,-19.6094,34.7431,71.11,85,0,5.26
61,Punta Arenas,CL,2022-05-30 19:01:55,-53.15,-70.9167,48.11,70,94,18.92
62,Cherskiy,RU,2022-05-30 19:01:55,68.75,161.3,44.8,55,100,6.08
63,Severo-Kurilsk,RU,2022-05-30 19:01:55,50.6789,156.125,41.58,90,84,2.46
64,Port Alfred,ZA,2022-05-30 19:01:56,-33.5906,26.891,59.86,44,100,8.68
65,Bambous Virieux,MU,2022-05-30 19:01:56,-20.3428,57.7575,70.21,67,62,17.63
66,Atambua,ID,2022-05-30 19:01:57,-9.1061,124.8925,72.57,86,100,2.82
67,Carutapera,BR,2022-05-30 19:01:57,-1.195,-46.02,83.62,74,9,7.81
68,Grand-Lahou,CI,2022-05-30 19:01:57,5.1367,-5.0242,79.21,84,72,7.31
69,Mankera,PK,2022-05-30 19:01:27,31.3866,71.4407,92.12,20,0,9.26
70,Clyde River,CA,2022-05-30 19:01:58,70.4692,-68.5914,28.53,66,5,3.51
71,Omboue,GA,2022-05-30 19:01:58,-1.5746,9.2618,73.45,91,55,6.35
72,Almeirim,BR,2022-05-30 19:01:59,-1.5233,-52.5817,80.87,88,91,3.13
73,Hobart,AU,2022-05-30 19:00:10,-42.8794,147.3294,42.03,93,100,9.22
74,Atuona,PF,2022-05-30 19:01:59,-9.8,-139.0333,77.68,77,74,11.99
75,Santa Rosa,PH,2022-05-30 19:02:00,14.3122,121.1114,79.11,90,100,2.89
76,Bengkulu,ID,2022-05-30 19:02:00,-3.8004,102.2655,75.58,91,22,3.83
77,Esperance,AU,2022-05-30 19:02:00,-33.8667,121.9,57.04,75,100,10.96
78,Ponta Do Sol,PT,2022-05-30 19:02:01,32.6667,-17.1,69.71,78,61,15.95
79,Kapaa,US,2022-05-30 19:02:01,22.0752,-159.319,78.12,78,75,10.36
80,Salalah,OM,2022-05-30 19:02:02,17.0151,54.0924,81.95,83,88,4.23
81,Yellowknife,CA,2022-05-30 19:02:02,62.456,-114.3525,53.56,34,0,3.0
82,Airai,TL,2022-05-30 19:02:02,-8.9266,125.4092,59.79,90,75,1.54
83,Marawi,PH,2022-05-30 19:02:03,7.9986,124.2928,65.39,86,100,2.33
84,Nikolskoye,RU,2022-05-30 19:02:04,59.7035,30.7861,62.49,69,99,3.71
85,Hilo,US,2022-05-30 19:02:04,19.7297,-155.09,84.27,67,46,5.99
86,Bredasdorp,ZA,2022-05-30 19:02:05,-34.5322,20.0403,57.34,61,100,14.58
87,Samfya,ZM,2022-05-30 19:02:05,-11.3649,29.5565,62.38,56,3,5.21
88,Klaksvik,FO,2022-05-30 19:02:06,62.2266,-6.589,47.32,91,100,11.81
89,Hithadhoo,MV,2022-05-30 19:02:06,-0.6,73.0833,83.7,68,99,11.25
90,Ballina,AU,2022-05-30 19:02:07,-28.8667,153.5667,58.01,58,3,26.53
91,Bandarbeyla,SO,2022-05-30 19:02:07,9.4942,50.8122,79.88,80,100,28.21
92,Progreso,MX,2022-05-30 19:02:07,21.2833,-89.6667,90.1,62,96,12.66
93,Cidreira,BR,2022-05-30 19:03:08,-30.1811,-50.2056,56.05,63,16,13.4
94,Mantenopolis,BR,2022-05-30 19:03:08,-18.8625,-41.1228,81.66,48,3,3.67
95,Vaini,TO,2022-05-30 19:03:09,-21.2,-175.2,75.36,94,20,5.75
96,Hobyo,SO,2022-05-30 19:03:10,5.3505,48.5268,79.18,83,1,25.64
97,Chuy,UY,2022-05-30 19:03:11,-33.6971,-53.4616,50.2,62,50,15.48
98,Mahebourg,MU,2022-05-30 19:03:11,-20.4081,57.7,70.25,68,41,17.74
99,Russell,US,2022-05-30 19:00:06,32.3502,-85.1999,91.9,32,2,7.38
100,Mana,GF,2022-05-30 19:03:12,5.6592,-53.7767,80.38,83,100,10.94
101,Immokalee,US,2022-05-30 19:03:12,26.4187,-81.4173,91.94,60,100,23.02
102,Lithakia,GR,2022-05-30 19:03:12,37.7167,20.8333,70.88,73,20,0.0
103,Qaanaaq,GL,2022-05-30 19:03:13,77.484,-69.3632,27.21,69,100,8.3
104,Coahuayana,MX,2022-05-30 19:03:14,18.7333,-103.6833,90.1,49,23,8.86
105,Presidencia Roque Saenz Pena,AR,2022-05-30 19:03:14,-26.7852,-60.4388,61.07,35,96,9.84
106,Vikulovo,RU,2022-05-30 19:03:15,56.8167,70.6107,54.45,88,100,9.24
107,Thompson,CA,2022-05-30 19:00:25,55.7435,-97.8558,44.51,95,100,7.23
108,Kutum,SD,2022-05-30 19:03:15,14.2,24.6667,83.08,10,0,8.88
109,Chunoyar,RU,2022-05-30 19:03:16,57.4467,97.3217,51.28,91,98,10.31
110,Saskylakh,RU,2022-05-30 19:03:16,71.9167,114.0833,19.53,98,100,2.68
111,Arlit,NE,2022-05-30 19:03:17,18.7369,7.3853,96.91,6,5,10.22
112,Ca Mau,VN,2022-05-30 19:01:18,9.1769,105.15,78.3,91,94,4.21
113,Dikson,RU,2022-05-30 19:03:18,73.5069,80.5464,28.09,96,100,6.76
114,Aklavik,CA,2022-05-30 19:03:18,68.2191,-135.0107,35.6,87,75,5.75
115,Haines Junction,CA,2022-05-30 19:03:19,60.7522,-137.5108,62.11,31,0,2.64
116,Huilong,CN,2022-05-30 19:03:19,31.8111,121.655,64.92,65,71,7.34
117,Jamestown,US,2022-05-30 19:03:19,42.097,-79.2353,85.51,39,0,11.5
118,Nagorsk,RU,2022-05-30 19:03:21,59.3172,50.8078,48.69,97,46,5.73
119,Batagay-Alyta,RU,2022-05-30 19:03:21,67.8006,130.4114,32.14,98,100,2.91
120,Upernavik,GL,2022-05-30 19:03:21,72.7868,-56.1549,30.16,80,26,15.23
121,Kodiak,US,2022-05-30 19:03:22,57.79,-152.4072,44.11,93,100,6.91
122,Bugiri,UG,2022-05-30 19:03:22,0.5714,33.7417,66.13,87,100,4.0
123,Alofi,NU,2022-05-30 19:03:22,-19.0595,-169.9187,71.49,88,20,0.0
124,Qujing,CN,2022-05-30 19:03:22,25.4833,103.7833,57.63,92,74,2.95
125,Avarua,CK,2022-05-30 19:03:23,-21.2078,-159.775,77.05,78,75,13.8
126,Sorong,ID,2022-05-30 19:03:23,-0.8833,131.25,79.83,81,100,7.47
127,Nome,US,2022-05-30 19:01:05,64.5011,-165.4064,59.11,52,100,6.89
128,Port Elizabeth,ZA,2022-05-30 19:03:23,-33.918,25.5701,56.32,79,100,4.0
129,Altagracia De Orituco,VE,2022-05-30 19:03:24,9.8601,-66.3814,94.64,30,14,6.51
130,Busselton,AU,2022-05-30 19:00:31,-33.65,115.3333,52.47,84,0,7.25
131,Beyneu,KZ,2022-05-30 19:03:24,45.3167,55.2,82.29,19,0,8.41
132,Umm Lajj,SA,2022-05-30 19:03:24,25.0213,37.2685,86.23,42,0,7.07
133,Balkanabat,TM,2022-05-30 19:03:25,39.5108,54.3671,83.3,16,0,11.97
134,Chapais,CA,2022-05-30 19:02:47,49.7834,-74.8492,49.78,86,100,5.28
135,Biltine,TD,2022-05-30 19:03:25,14.5333,20.9167,92.66,9,6,7.36
136,Bar Harbor,US,2022-05-30 19:03:25,44.3876,-68.2039,82.54,81,20,10.36
137,Sur,OM,2022-05-30 19:02:58,22.5667,59.5289,88.86,43,0,17.07
138,Mar Del Plata,AR,2022-05-30 19:03:26,-38.0023,-57.5575,51.1,48,40,10.36
139,Fethiye,TR,2022-05-30 19:03:26,36.6217,29.1164,67.87,67,0,3.15
140,Alekseyevsk,RU,2022-05-30 19:03:26,57.8406,108.3492,47.57,52,97,2.86
141,Fairview,US,2022-05-30 19:03:27,40.8126,-73.999,90.54,47,20,13.8
142,Lagoa,PT,2022-05-30 19:03:07,39.05,-27.9833,58.39,74,69,31.29
143,Kaitangata,NZ,2022-05-30 19:04:27,-46.2817,169.8464,51.96,78,100,3.94
144,Rio Gallegos,AR,2022-05-30 19:04:28,-51.6226,-69.2181,45.7,77,100,22.77
145,Shingu,JP,2022-05-30 19:04:28,33.7333,135.9833,65.07,92,100,7.63
146,Imbituba,BR,2022-05-30 19:04:28,-28.24,-48.6703,62.85,93,100,11.01
147,Sao Filipe,CV,2022-05-30 19:04:29,14.8961,-24.4956,76.19,79,6,10.69
148,Butaritari,KI,2022-05-30 19:04:29,3.0707,172.7902,81.37,73,98,15.99
149,Kholodnyy,RU,2022-05-30 19:04:29,62.7167,147.95,42.64,85,100,6.8
150,Senanga,ZM,2022-05-30 19:04:30,-16.1167,23.2667,60.98,40,0,6.24
151,Goma,CD,2022-05-30 19:04:30,-1.6792,29.2228,61.65,93,100,5.17
152,Lahaina,US,2022-05-30 19:02:12,20.8783,-156.6825,80.8,73,53,3.62
153,Zhigansk,RU,2022-05-30 19:04:31,66.7697,123.3711,35.64,82,100,15.79
154,Codrington,AU,2022-05-30 19:04:31,-38.2667,141.9667,46.94,77,78,17.6
155,Flinders,AU,2022-05-30 19:04:32,-34.5833,150.8552,54.25,72,100,4.0
156,Charters Towers,AU,2022-05-30 19:04:32,-20.1,146.2667,60.15,57,100,11.79
157,Mocuba,MZ,2022-05-30 19:04:33,-16.8392,36.9856,67.08,82,81,4.38
158,Zonguldak,TR,2022-05-30 19:04:33,41.25,31.8333,60.93,65,5,3.69
159,Souillac,MU,2022-05-30 19:04:33,-20.5167,57.5167,72.48,72,37,16.15
160,Aquidauana,BR,2022-05-30 19:04:34,-20.4711,-55.7872,86.32,47,70,10.58
161,Rock Springs,US,2022-05-30 18:59:52,41.5875,-109.2029,54.05,54,99,5.99
162,Safranbolu,TR,2022-05-30 19:04:34,41.2508,32.6942,62.65,69,5,0.83
163,Carballo,ES,2022-05-30 19:04:35,43.213,-8.691,64.0,85,100,2.19
164,Okhotsk,RU,2022-05-30 19:04:35,59.3833,143.3,38.68,80,100,3.0
165,Xining,CN,2022-05-30 19:00:12,36.6167,101.7667,54.39,52,100,2.75
166,Pierre,US,2022-05-30 19:00:11,44.3683,-100.351,65.32,71,75,28.77
167,Padang,ID,2022-05-30 19:00:28,-0.9492,100.3543,77.95,87,90,4.07
168,Hastings,GB,2022-05-30 19:02:06,50.8552,0.5729,56.32,69,97,5.82
169,Margate,GB,2022-05-30 19:04:37,51.3813,1.3862,56.3,59,92,3.0
170,Luderitz,NA,2022-05-30 19:04:37,-26.6481,15.1594,58.51,60,2,15.3
171,Narsaq,GL,2022-05-30 19:04:38,60.9167,-46.05,50.22,73,61,7.58
172,Koungou,YT,2022-05-30 19:04:38,-12.7336,45.2042,78.51,73,0,9.22
173,Sitka,US,2022-05-30 19:04:38,57.0531,-135.33,51.69,76,40,5.75
174,Saint George,US,2022-05-30 19:04:39,37.1041,-113.5841,76.62,14,0,11.5
175,Tezu,IN,2022-05-30 19:04:00,27.9167,96.1667,75.76,76,6,4.05
176,Catabola,AO,2022-05-30 19:04:39,-12.15,17.2833,61.12,49,0,3.78
177,La Paz,BO,2022-05-30 19:04:40,-16.5,-68.15,62.58,23,20,13.8
178,Usmajac,MX,2022-05-30 19:04:40,19.8667,-103.5667,91.27,15,79,5.91
179,Porto Novo,BJ,2022-05-30 19:04:41,6.4965,2.6036,79.09,84,91,6.6
180,Longyearbyen,SJ,2022-05-30 19:03:10,78.2186,15.6401,40.84,87,40,14.97
181,Talaja,IN,2022-05-30 19:04:41,21.35,72.05,86.41,61,3,12.77
182,Tiksi,RU,2022-05-30 19:04:42,71.6872,128.8694,27.9,93,100,11.68
183,Disna,BY,2022-05-30 19:04:42,55.568,28.1971,50.88,95,100,16.73
184,Asau,RO,2022-05-30 19:04:43,46.4333,26.4,65.32,88,0,4.9
185,Quatre Cocos,MU,2022-05-30 19:04:43,-20.2078,57.7625,70.09,67,92,17.52
186,Dunhua,CN,2022-05-30 19:04:43,43.3725,128.2425,41.05,89,7,5.03
187,Mancio Lima,BR,2022-05-30 19:04:44,-7.6142,-72.8958,86.36,61,19,2.15
188,Semikarakorsk,RU,2022-05-30 19:05:44,47.5194,40.8112,69.71,63,11,7.07
189,Sao Joao Da Barra,BR,2022-05-30 19:02:41,-21.6403,-41.0511,78.3,71,0,10.36
190,Werda,BW,2022-05-30 19:05:45,-25.2667,23.2833,54.25,38,0,6.51
191,Beringovskiy,RU,2022-05-30 19:05:45,63.05,179.3167,37.67,82,86,5.23
192,San Quintin,MX,2022-05-30 19:05:46,30.4833,-115.95,65.84,65,1,13.47
193,Demyanovo,RU,2022-05-30 19:05:46,60.3511,47.0842,49.1,97,30,4.45
194,Cuamba,MZ,2022-05-30 19:05:46,-14.8031,36.5372,70.74,56,100,2.39
195,Beira,MZ,2022-05-30 19:05:47,-19.8436,34.8389,71.69,83,20,4.61
196,Pandan,PH,2022-05-30 19:05:47,14.0453,124.1694,79.11,82,100,3.51
197,Athens,GR,2022-05-30 19:01:47,37.9795,23.7162,76.28,57,0,5.99
198,Mayumba,GA,2022-05-30 19:05:48,-3.432,10.6554,73.33,93,55,7.0
199,Westlock,CA,2022-05-30 19:02:20,54.1502,-113.8688,60.12,39,4,11.74
200,Conakry,GN,2022-05-30 19:03:18,9.538,-13.6773,82.04,79,45,10.33
201,Hofn,IS,2022-05-30 19:03:11,64.2539,-15.2082,45.73,82,15,8.63
202,Saint-Augustin,CA,2022-05-30 19:05:49,51.226,-58.6502,46.6,85,100,4.79
203,Vila,PT,2022-05-30 19:05:49,42.0304,-8.1588,56.28,81,100,3.04
204,Kahului,US,2022-05-30 19:05:13,20.8947,-156.47,82.42,51,0,14.0
205,Ancud,CL,2022-05-30 19:03:27,-41.8697,-73.8203,46.09,67,45,2.04
206,Belmonte,BR,2022-05-30 19:05:50,-15.8631,-38.8828,79.48,76,7,8.08
207,Olden,NO,2022-05-30 19:05:51,61.8364,6.8064,61.54,78,94,5.5
208,Homer,US,2022-05-30 19:05:51,59.6425,-151.5483,63.03,83,40,4.61
209,Bethel,US,2022-05-30 19:05:51,41.3712,-73.414,88.18,54,0,11.5
210,Bereda,ES,2022-05-30 19:05:52,43.2686,-7.5406,61.57,97,100,0.89
211,Marrakesh,MA,2022-05-30 19:05:52,31.6315,-8.0083,84.27,28,0,6.91
212,Nipawin,CA,2022-05-30 19:03:59,53.3668,-104.0009,52.77,86,98,18.1
213,Nabire,ID,2022-05-30 19:05:53,-3.3667,135.4833,75.99,85,100,3.22
214,Vredendal,ZA,2022-05-30 19:05:53,-31.6683,18.5012,52.63,47,0,6.17
215,Zhezkazgan,KZ,2022-05-30 19:05:53,47.8043,67.7144,71.22,43,93,4.79
216,Astoria,US,2022-05-30 19:05:54,46.1879,-123.8313,55.9,69,100,8.05
217,Half Moon Bay,US,2022-05-30 19:05:54,37.4636,-122.4286,76.87,56,0,19.57
218,Gat,IL,2022-05-30 19:05:54,31.61,34.7642,80.4,100,0,4.29
219,Kardymovo,RU,2022-05-30 19:05:55,54.8902,32.4311,51.67,97,100,11.54
220,Cabo San Lucas,MX,2022-05-30 19:05:13,22.8909,-109.9124,86.31,61,0,9.22
221,Tamandare,BR,2022-05-30 19:05:55,-8.7597,-35.1047,78.8,85,100,7.52
222,Anadyr,RU,2022-05-30 19:05:56,64.75,177.4833,42.01,75,82,5.99
223,Camacha,PT,2022-05-30 19:05:56,33.0833,-16.3333,67.42,68,20,20.71
224,Colares,PT,2022-05-30 19:05:57,38.7992,-9.4469,68.99,80,75,17.0
225,Zella-Mehlis,DE,2022-05-30 19:05:57,50.65,10.65,48.33,68,74,3.09
226,Kerewan,GM,2022-05-30 19:05:58,13.4898,-16.0888,85.39,47,95,14.76
227,Doba,TD,2022-05-30 19:05:58,8.65,16.85,83.66,46,100,7.29
228,Kalmunai,LK,2022-05-30 19:05:59,7.4167,81.8167,78.96,80,78,9.1
229,Kamenka,RU,2022-05-30 19:05:59,51.3223,42.7678,56.62,84,92,8.16
230,Victoria,HK,2022-05-30 19:06:00,22.2855,114.1577,84.33,86,99,4.0
231,Kolokani,ML,2022-05-30 19:05:38,13.5728,-8.0339,95.86,25,87,4.23
232,Laguna,US,2022-05-30 19:06:00,38.421,-121.4238,77.09,29,0,12.66
233,Tiznit,MA,2022-05-30 19:07:01,29.5833,-9.5,72.66,39,0,5.64
234,Forbes,AU,2022-05-30 19:07:01,-33.3833,148.0167,47.91,87,100,19.24
235,Itarema,BR,2022-05-30 19:05:49,-2.9248,-39.9167,80.71,85,39,13.73
236,Yulara,AU,2022-05-30 19:07:02,-25.2406,130.9889,49.28,51,100,4.07
237,Coihaique,CL,2022-05-30 19:02:33,-45.5752,-72.0662,40.64,67,9,1.45
238,Hasaki,JP,2022-05-30 19:07:03,35.7333,140.8333,64.8,88,100,17.4
239,Yaguajay,CU,2022-05-30 19:07:03,22.3272,-79.2378,81.82,76,100,15.28
240,Morros,BR,2022-05-30 19:07:04,-9.4467,-46.3003,91.44,30,25,6.87
241,Kochi,IN,2022-05-30 19:04:19,9.9399,76.2602,78.78,80,96,6.35
242,Mitu,CO,2022-05-30 19:05:12,1.1983,-70.1733,81.34,86,62,1.57
243,Luganville,VU,2022-05-30 19:07:05,-15.5333,167.1667,78.39,85,47,4.68
244,Muros,ES,2022-05-30 19:07:05,42.7762,-9.0603,65.08,82,100,3.18
245,Mbandaka,CD,2022-05-30 19:07:05,0.0487,18.2603,74.79,87,79,3.85
246,Auki,SB,2022-05-30 19:07:06,-8.7676,160.7034,79.09,79,87,4.65
247,Saint-Philippe,RE,2022-05-30 19:07:06,-21.3585,55.7679,69.39,74,41,10.6
248,Kruisfontein,ZA,2022-05-30 19:07:07,-34.0033,24.7314,49.89,53,100,6.96
249,Silver City,US,2022-05-30 19:07:07,32.7701,-108.2803,77.92,18,0,19.57
250,Den Helder,NL,2022-05-30 19:07:08,52.9599,4.7593,56.01,63,100,1.99
251,Tautira,PF,2022-05-30 19:07:08,-17.7333,-149.15,78.87,72,73,7.58
252,Evensk,RU,2022-05-30 19:07:09,61.95,159.2333,41.77,78,100,3.65
253,Teluknaga,ID,2022-05-30 19:07:09,-6.0989,106.6381,77.04,100,20,5.75
254,Road Town,VG,2022-05-30 19:07:10,18.4167,-64.6167,87.89,66,40,14.97
255,Shilka,RU,2022-05-30 19:07:10,51.85,116.0333,41.58,90,99,3.29
256,Char Bhadrasan,BD,2022-05-30 19:07:11,23.3167,90.2167,80.91,84,79,4.56
257,Ulladulla,AU,2022-05-30 19:07:12,-35.35,150.4667,52.7,70,99,14.94
258,Cockburn Town,TC,2022-05-30 19:07:12,21.4612,-71.1419,80.47,77,61,18.25
259,Port Lincoln,AU,2022-05-30 19:07:12,-34.7333,135.8667,56.52,60,99,29.59
260,Kamaishi,JP,2022-05-30 19:07:13,39.2667,141.8833,51.46,92,100,0.98
261,Athabasca,CA,2022-05-30 19:04:12,54.7169,-113.2854,56.75,36,5,11.79
262,Tuktoyaktuk,CA,2022-05-30 19:03:16,69.4541,-133.0374,32.95,81,100,6.02
263,Kiama,AU,2022-05-30 19:07:14,-34.6833,150.8667,54.45,71,100,15.01
264,Kargat,RU,2022-05-30 19:07:14,55.1956,80.2811,55.47,72,95,7.74
265,Umm Kaddadah,SD,2022-05-30 19:07:14,13.6017,26.6876,87.19,11,9,7.16
266,Geraldton,AU,2022-05-30 19:07:15,-28.7667,114.6,55.81,67,100,10.36
267,Mouila,GA,2022-05-30 19:07:15,-1.8685,11.0559,75.16,93,100,1.83
268,Temir,KZ,2022-05-30 19:07:16,49.1414,57.13,71.98,34,30,7.72
269,Zhuhai,CN,2022-05-30 19:07:07,22.2769,113.5678,82.18,94,20,6.91
270,Vestmanna,FO,2022-05-30 19:07:17,62.1564,-7.1664,45.52,81,75,10.36
271,La Ronge,CA,2022-05-30 19:07:17,55.1001,-105.2842,49.89,73,100,15.35
272,Kurilsk,RU,2022-05-30 19:07:18,45.2333,147.8833,44.01,93,45,3.11
273,Iskitim,RU,2022-05-30 19:07:18,54.6366,83.3045,57.52,75,100,7.47
274,Puerto Leguizamo,CO,2022-05-30 19:07:19,-0.1934,-74.7819,76.35,89,100,3.8
275,Nanortalik,GL,2022-05-30 19:08:19,60.1432,-45.2371,38.53,88,90,1.3
276,Akdepe,TM,2022-05-30 19:08:20,42.0551,59.3788,78.84,21,0,9.06
277,Bonfim,BR,2022-05-30 19:08:20,3.0833,-59.95,87.3,58,51,7.18
278,Ponta Delgada,PT,2022-05-30 19:08:21,37.7333,-25.6667,60.49,88,75,9.22
279,Calabozo,VE,2022-05-30 19:08:21,8.9242,-67.4293,97.2,32,30,10.04
280,Seymchan,RU,2022-05-30 19:08:21,62.8833,152.4333,49.84,69,100,7.23
281,Saint-Joseph,RE,2022-05-30 19:08:22,-21.3667,55.6167,68.38,71,19,11.43
282,Uberaba,BR,2022-05-30 19:04:35,-19.7483,-47.9319,82.4,36,0,5.93
283,Namatanai,PG,2022-05-30 19:08:22,-3.6667,152.4333,78.08,77,100,5.39
284,Langsa,ID,2022-05-30 19:08:23,4.4683,97.9683,74.46,96,83,2.73
285,Ayan,RU,2022-05-30 19:08:23,56.45,138.1667,35.24,96,100,15.68
286,Rawson,AR,2022-05-30 19:08:24,-43.3002,-65.1023,46.83,47,34,13.11
287,Mogadishu,SO,2022-05-30 19:08:24,2.0371,45.3438,80.19,77,58,15.37
288,Trinidad,BO,2022-05-30 19:08:25,-14.8333,-64.9,87.93,50,80,6.24
289,Tshela,CD,2022-05-30 19:08:25,-4.9833,12.9333,73.29,90,99,1.88
290,Abay,KZ,2022-05-30 19:08:25,49.6311,72.8539,59.38,63,100,7.29
291,Marsa Matruh,EG,2022-05-30 19:08:26,31.3525,27.2453,70.86,83,0,12.86
292,Carnarvon,AU,2022-05-30 19:08:26,-24.8667,113.6333,62.53,64,100,20.36
293,Igrim,RU,2022-05-30 19:08:26,63.1906,64.4162,47.91,52,13,10.11
294,Leningradskiy,RU,2022-05-30 19:08:27,69.3833,178.4167,36.03,88,98,4.81
295,Northam,GB,2022-05-30 19:08:27,51.0333,-4.2167,53.65,70,10,9.15
296,Awjilah,LY,2022-05-30 19:08:27,29.1081,21.2869,88.59,17,0,11.27
297,Arraial Do Cabo,BR,2022-05-30 19:08:28,-22.9661,-42.0278,76.86,73,40,4.61
298,Komsomolskiy,UZ,2022-05-30 19:08:28,40.4272,71.7189,62.47,46,1,3.02
299,Husavik,IS,2022-05-30 19:08:28,66.0449,-17.3389,55.27,53,4,10.29
300,Anloga,GH,2022-05-30 19:08:29,5.7947,0.8973,80.98,78,28,7.29
301,North Battleford,CA,2022-05-30 19:07:20,52.7834,-108.2847,53.4,68,100,17.31
302,Havre-Saint-Pierre,CA,2022-05-30 19:08:29,50.2334,-63.5986,47.91,62,100,7.47
303,Kemi,FI,2022-05-30 19:08:29,65.8596,24.8228,62.37,59,0,9.22
304,Acarau,BR,2022-05-30 19:08:30,-2.8856,-40.12,81.03,84,69,13.29
305,Fare,PF,2022-05-30 19:08:30,-16.7,-151.0167,79.75,71,31,9.89
306,Grand Baie,MU,2022-05-30 19:08:31,-20.0182,57.5802,70.45,80,89,5.01
307,Zemio,CF,2022-05-30 19:08:31,5.0314,25.1361,74.73,65,93,2.8
308,Brazzaville,CG,2022-05-30 19:04:19,-4.2658,15.2832,80.83,66,61,1.05
309,Katangli,RU,2022-05-30 19:08:32,51.7102,143.2326,36.66,98,100,8.3
310,Waipawa,NZ,2022-05-30 19:08:32,-41.4122,175.5153,53.94,86,23,10.27
311,Aljezur,PT,2022-05-30 19:08:32,37.3191,-8.8033,67.57,74,97,8.63
312,Kota Kinabalu,MY,2022-05-30 19:08:33,5.9749,116.0724,76.98,83,20,3.44
313,Faanui,PF,2022-05-30 19:08:33,-16.4833,-151.75,80.04,67,14,9.31
314,Georgetown,MY,2022-05-30 19:06:01,5.4112,100.3354,78.73,89,20,2.3
315,Touros,BR,2022-05-30 19:06:25,-5.1989,-35.4608,82.98,71,30,10.4
316,Mayo,US,2022-05-30 19:08:34,38.8876,-76.5119,93.07,64,37,3.0
317,Dingle,PH,2022-05-30 19:08:35,10.9995,122.6711,76.23,84,100,5.1
318,El Alto,PE,2022-05-30 19:08:35,-4.2714,-81.2147,73.06,69,12,16.44
319,Samarai,PG,2022-05-30 19:08:35,-10.6167,150.6667,78.66,74,65,4.76
320,Sault Sainte Marie,CA,2022-05-30 19:04:32,46.5168,-84.3333,80.89,47,0,16.11
321,Rocky Mountain House,CA,2022-05-30 19:08:23,52.3668,-114.9188,51.37,59,100,7.36
322,Pitimbu,BR,2022-05-30 19:08:36,-7.4706,-34.8086,81.19,84,85,10.31
323,Los Llanos De Aridane,ES,2022-05-30 19:08:37,28.6585,-17.9182,73.15,98,75,10.36
324,Morehead,US,2022-05-30 19:09:37,37.2711,-87.1764,86.86,60,75,13.8
325,Dhidhdhoo,MV,2022-05-30 19:08:51,6.8833,73.1,79.14,85,100,19.6
326,Rabaul,PG,2022-05-30 19:09:38,-4.1967,152.1721,78.08,78,100,4.79
327,Luang Prabang,LA,2022-05-30 19:09:38,19.8856,102.1347,74.37,98,100,1.83
328,Ostrovnoy,RU,2022-05-30 19:09:39,68.0531,39.5131,36.37,90,62,6.29
329,General Roca,AR,2022-05-30 19:09:39,-39.0333,-67.5833,45.95,33,0,0.98
330,Khovu-Aksy,RU,2022-05-30 19:09:39,51.1333,93.6,51.91,48,100,5.17
331,Muriwai Beach,NZ,2022-05-30 19:09:40,-36.8167,174.45,59.77,89,23,9.71
332,Phan Thiet,VN,2022-05-30 19:04:54,10.9333,108.1,78.21,89,100,8.77
333,Batemans Bay,AU,2022-05-30 19:09:41,-35.7167,150.1833,51.1,63,84,11.41
334,Sorland,NO,2022-05-30 19:09:41,67.667,12.6934,51.66,76,86,6.33
335,Leticia,CO,2022-05-30 19:09:41,-4.2153,-69.9406,78.85,83,75,3.44
336,Eenhana,NA,2022-05-30 19:09:42,-17.4667,16.3333,63.95,34,4,7.43
337,Acapulco,MX,2022-05-30 19:09:42,16.8634,-99.8901,85.82,66,100,14.97
338,Lundazi,ZM,2022-05-30 19:09:42,-12.2929,33.1782,57.34,60,0,5.64
339,Caravelas,BR,2022-05-30 19:09:43,-17.7125,-39.2481,77.9,82,9,8.43
340,Saint-Raymond,CA,2022-05-30 19:09:43,45.467,-73.6095,81.39,56,100,8.16
341,Rey Bouba,CM,2022-05-30 19:09:44,8.6724,14.1786,83.59,56,90,1.68
342,Gamboula,CF,2022-05-30 19:09:44,4.1178,15.1393,69.28,95,100,5.86
343,Malyye Derbety,RU,2022-05-30 19:09:44,47.9547,44.6808,72.97,40,6,8.23
344,Kavieng,PG,2022-05-30 19:09:45,-2.5744,150.7967,81.66,72,100,11.95
345,San Patricio,US,2022-05-30 19:09:45,28.017,-97.5169,91.26,44,0,23.06
346,Tuatapere,NZ,2022-05-30 19:09:46,-46.1333,167.6833,52.3,89,100,5.08
347,Kaysville,US,2022-05-30 19:09:46,41.0352,-111.9386,49.51,80,100,14.97
348,Qaqortoq,GL,2022-05-30 19:09:46,60.7167,-46.0333,41.16,79,50,6.62
349,Nyazepetrovsk,RU,2022-05-30 19:09:47,56.0531,59.6028,45.84,92,18,7.31
350,Tekirdag,TR,2022-05-30 19:09:47,40.978,27.5085,69.15,68,0,5.19
351,Nantucket,US,2022-05-30 19:08:29,41.2835,-70.0995,75.34,77,0,13.8
352,Keti Bandar,PK,2022-05-30 19:09:48,24.1447,67.4497,81.34,85,5,19.22
353,Yashkul,RU,2022-05-30 19:09:48,46.1711,45.3435,78.08,33,0,9.08
354,Wilmington,US,2022-05-30 19:05:56,34.2257,-77.9447,89.94,65,0,11.5
355,Yashkino,RU,2022-05-30 19:09:49,55.8736,85.4265,56.57,61,76,6.91
356,Tual,ID,2022-05-30 19:09:49,-5.6667,132.75,82.53,70,100,2.39
357,Phalaborwa,ZA,2022-05-30 19:09:50,-23.943,31.1411,62.49,65,100,9.46
358,Huarmey,PE,2022-05-30 19:09:50,-10.0681,-78.1522,69.73,69,64,13.4
359,Narasannapeta,IN,2022-05-30 19:09:50,18.4167,84.05,88.7,55,100,7.45
360,Saint Anthony,US,2022-05-30 19:09:51,45.0205,-93.218,82.15,69,20,20.71
361,Santiago Del Estero,AR,2022-05-30 19:09:51,-27.7951,-64.2615,52.29,25,100,6.4
362,Agadez,NE,2022-05-30 19:09:52,19.75,10.25,91.87,8,0,5.19
363,Solnechnyy,RU,2022-05-30 19:09:52,50.7214,136.6319,53.69,86,100,3.51
364,Chifeng,CN,2022-05-30 19:09:52,42.2683,118.9636,54.19,42,81,1.68
365,Yumen,CN,2022-05-30 19:09:53,40.2833,97.2,70.16,15,100,8.95
366,Karratha,AU,2022-05-30 19:09:53,-20.7377,116.8463,61.93,85,100,23.6
367,Cerritos,US,2022-05-30 19:09:54,33.8583,-118.0648,79.86,62,0,10.36
368,Katherine,AU,2022-05-30 19:09:54,-14.4667,132.2667,68.32,73,51,0.0
369,Darhan,MN,2022-05-30 19:09:54,49.4867,105.9228,52.34,42,99,4.32
370,Broken Hill,AU,2022-05-30 19:10:55,-31.95,141.4333,51.55,76,93,19.37
371,Sibolga,ID,2022-05-30 19:10:55,1.7427,98.7792,76.95,88,67,3.04
372,Basco,PH,2022-05-30 19:10:56,20.4487,121.9702,84.06,77,12,10.78
373,Tateyama,JP,2022-05-30 19:10:56,34.9833,139.8667,66.09,87,100,7.38
374,Vardo,NO,2022-05-30 19:10:57,70.3705,31.1107,42.78,81,0,4.61
375,Netolice,CZ,2022-05-30 19:10:57,49.0493,14.197,52.86,68,81,4.18
376,Kazerun,IR,2022-05-30 19:10:57,29.6195,51.6541,79.32,17,15,2.46
377,Iqaluit,CA,2022-05-30 19:10:58,63.7506,-68.5145,38.7,95,0,18.01
378,Basoko,CD,2022-05-30 19:10:58,1.2391,23.616,74.91,82,11,2.75
379,Oskarshamn,SE,2022-05-30 19:10:59,57.2645,16.4484,50.99,75,100,3.13
380,Bitung,ID,2022-05-30 19:10:59,1.4451,125.1824,79.39,81,100,2.15
381,Westport,US,2022-05-30 19:09:05,41.1415,-73.3579,89.46,52,0,10.36
382,Sistranda,NO,2022-05-30 19:11:00,63.7256,8.834,66.16,66,100,12.8
383,Sorgun,TR,2022-05-30 19:11:00,39.8101,35.186,61.56,74,99,6.58
384,Walvis Bay,NA,2022-05-30 19:11:00,-22.9575,14.5053,59.09,45,0,15.01
385,Atar,MR,2022-05-30 19:11:01,20.5169,-13.0499,101.59,13,11,11.01
386,Norman Wells,CA,2022-05-30 19:11:01,65.282,-126.8329,65.37,30,97,4.32
387,Kemijarvi,FI,2022-05-30 19:11:02,66.7131,27.4306,58.44,60,56,6.93
388,Fortuna,US,2022-05-30 19:11:02,40.5982,-124.1573,60.93,64,20,13.8
389,Oranjemund,NA,2022-05-30 19:11:03,-28.55,16.4333,53.98,75,0,12.19
390,Ano Mera,GR,2022-05-30 19:11:03,37.45,25.4,73.27,56,0,3.44
391,Cervo,ES,2022-05-30 19:11:04,43.6702,-7.4101,62.96,89,100,0.49
392,Nara,JP,2022-05-30 19:11:04,34.6851,135.8049,64.49,92,100,5.64
393,Chalus,IR,2022-05-30 19:11:05,36.655,51.4204,71.1,66,0,2.62
394,Vila Franca Do Campo,PT,2022-05-30 19:11:05,37.7167,-25.4333,60.19,91,100,3.87
395,Gillette,US,2022-05-30 19:11:05,44.2911,-105.5022,49.03,95,100,17.27
396,Volnovakha,UA,2022-05-30 19:11:06,47.601,37.4967,66.16,72,51,8.55
397,Tecoanapa,MX,2022-05-30 19:11:06,16.5167,-98.75,84.99,66,100,7.11
398,Tandil,AR,2022-05-30 19:08:30,-37.3217,-59.1332,42.69,64,95,12.91
399,Wewak,PG,2022-05-30 19:11:07,-3.5534,143.6268,75.02,97,100,2.19
400,Grindavik,IS,2022-05-30 19:11:07,63.8424,-22.4338,50.47,93,100,10.36
401,Jalu,LY,2022-05-30 19:11:08,29.0331,21.5482,88.61,18,0,8.84
402,Hokitika,NZ,2022-05-30 19:11:08,-42.7167,170.9667,57.87,93,100,5.7
403,Sawtell,AU,2022-05-30 19:11:09,-30.3833,153.1,60.19,47,0,4.61
404,Skjervoy,NO,2022-05-30 19:11:09,70.0311,20.9714,60.8,57,6,15.66
405,Chara,RU,2022-05-30 19:11:09,56.9064,118.2631,39.79,88,100,1.68
406,Srednekolymsk,RU,2022-05-30 19:11:10,67.45,153.6833,49.64,60,100,11.54
407,Predivinsk,RU,2022-05-30 19:11:10,57.0669,93.4378,52.02,88,27,9.33
408,Yakeshi,CN,2022-05-30 19:11:11,49.2833,120.7333,41.07,79,93,5.03
409,Tiarei,PF,2022-05-30 19:11:11,-17.5333,-149.3333,82.42,70,71,8.41
410,Bondo,CD,2022-05-30 19:11:12,3.8146,23.6866,73.99,72,32,0.98
411,Ahipara,NZ,2022-05-30 19:11:12,-35.1667,173.1667,59.88,92,100,7.0
412,Richards Bay,ZA,2022-05-30 19:11:13,-28.783,32.0377,59.65,69,13,4.9
413,Berbera,SO,2022-05-30 19:11:13,10.4396,45.0143,88.99,57,83,2.28
414,Rapid Valley,US,2022-05-30 19:06:29,44.0625,-103.1463,57.38,85,100,21.85
415,Mikun,RU,2022-05-30 19:12:14,62.3547,50.0771,50.11,97,22,4.09
416,Oussouye,SN,2022-05-30 19:12:14,12.485,-16.5469,81.66,56,100,11.32
417,Cordoba,AR,2022-05-30 19:12:03,-31.4135,-64.1811,54.43,30,35,3.44
418,Faya,SA,2022-05-30 19:12:15,18.3851,42.4509,70.32,37,59,4.76
419,Bathurst,AU,2022-05-30 19:12:09,-33.4166,149.5806,43.97,89,100,4.0
420,Waddan,LY,2022-05-30 19:12:16,29.1614,16.139,90.52,13,86,7.9
421,Calbuco,CL,2022-05-30 19:12:16,-41.768,-73.1273,47.41,68,1,5.93
422,Manggar,ID,2022-05-30 19:12:17,-2.8833,108.2667,80.24,78,6,3.58
423,Wamba,NG,2022-05-30 19:12:17,8.9333,8.6,83.64,48,17,3.04
424,Honiara,SB,2022-05-30 19:12:17,-9.4333,159.95,77.05,87,81,4.52
425,Agirish,RU,2022-05-30 19:12:18,61.9247,63.0231,43.05,90,99,5.91
426,Chirgaon,IN,2022-05-30 19:12:18,25.5833,78.8167,97.56,18,33,4.63
427,Puerto Colombia,CO,2022-05-30 19:12:19,10.9878,-74.9547,87.89,74,22,15.17
428,Erenhot,CN,2022-05-30 19:12:19,43.6475,111.9767,61.74,18,100,5.91
429,Katsuura,JP,2022-05-30 19:12:20,35.1333,140.3,68.43,90,100,11.12
430,Cayenne,GF,2022-05-30 19:12:20,4.9333,-52.3333,76.08,1,75,4.61
431,Ouidah,BJ,2022-05-30 19:12:21,6.3631,2.0851,80.67,79,64,8.97
432,Smirnykh,RU,2022-05-30 19:12:21,49.75,142.8333,40.39,92,100,5.37
433,Williams Lake,CA,2022-05-30 19:12:06,52.1415,-122.1445,64.02,38,86,3.85
434,Nacozari,MX,2022-05-30 19:12:22,25.3366,-108.2574,91.11,48,2,12.75
435,Pacific Grove,US,2022-05-30 19:11:21,36.6177,-121.9166,70.21,75,0,13.0
436,Moerai,PF,2022-05-30 19:12:22,-22.4333,-151.3333,75.02,55,100,16.11
437,Brae,GB,2022-05-30 19:12:23,60.3964,-1.353,50.47,77,18,8.97
438,Altamira,BR,2022-05-30 19:12:23,-3.2033,-52.2064,84.58,74,76,2.1
439,Lata,PT,2022-05-30 19:12:24,40.1629,-8.3327,67.82,66,100,4.05
440,Namibe,AO,2022-05-30 19:12:24,-15.1961,12.1522,67.84,76,0,9.06
441,San Buenaventura,MX,2022-05-30 19:12:25,27.0833,-101.5333,97.48,30,0,8.55
442,Pombas,CV,2022-05-30 19:12:25,17.1503,-25.0201,76.78,80,25,11.59
443,Vieques,PR,2022-05-30 19:12:25,18.425,-65.8329,89.85,70,75,13.8
444,Mount Isa,AU,2022-05-30 19:12:26,-20.7333,139.5,58.77,26,100,5.75
445,Cooma,AU,2022-05-30 19:12:26,-36.2333,149.1333,38.46,90,98,9.19
446,Mantua,IT,2022-05-30 19:12:27,45.1667,10.7833,69.04,74,100,6.26
447,Phimai,TH,2022-05-30 19:12:27,15.2232,102.4947,79.86,80,94,6.51
448,Romny,UA,2022-05-30 19:12:27,50.751,33.4747,59.11,94,100,8.52
449,Verkhnevilyuysk,RU,2022-05-30 19:12:28,63.4453,120.3167,43.72,93,100,6.96
450,Mayskiy,RU,2022-05-30 19:12:28,47.6931,40.1025,71.01,71,86,6.98
451,Staraya Russa,RU,2022-05-30 19:12:29,57.9944,31.3608,56.89,70,100,8.25
452,Niono,ML,2022-05-30 19:12:29,14.2526,-5.993,98.47,25,100,15.7
453,Araouane,ML,2022-05-30 19:12:29,18.9048,-3.5265,100.6,15,78,6.08
454,Karaton,ID,2022-05-30 19:12:30,-6.3424,106.1045,73.42,96,4,3.22
455,Otane,NZ,2022-05-30 19:12:30,-39.8833,176.6333,59.02,94,31,3.89
456,Acari,PE,2022-05-30 19:12:30,-15.4311,-74.6158,73.51,54,37,9.53
457,Peniche,PT,2022-05-30 19:12:31,39.3558,-9.3811,69.12,80,100,12.33
458,Boshnyakovo,RU,2022-05-30 19:12:31,49.6333,142.1667,41.11,83,100,3.94
459,Bilma,NE,2022-05-30 19:13:32,18.6853,12.9164,95.29,7,0,8.57
460,Kotelnich,RU,2022-05-30 19:13:32,58.3089,48.348,48.65,96,14,6.35
461,Baker City,US,2022-05-30 19:13:33,44.7749,-117.8344,42.6,84,100,18.41
462,Surt,LY,2022-05-30 19:13:33,31.2089,16.5887,77.7,50,89,14.9
463,Chumikan,RU,2022-05-30 19:13:34,54.7183,135.315,33.21,99,100,4.72
464,Palauig,PH,2022-05-30 19:13:34,15.435,119.9045,81.23,79,100,5.46
465,Ciudad Bolivar,VE,2022-05-30 19:13:34,8.1222,-63.5497,88.93,48,100,8.01
466,Tabou,CI,2022-05-30 19:13:35,4.423,-7.3528,78.84,82,100,7.43
467,Thunder Bay,CA,2022-05-30 19:13:09,48.4001,-89.3168,51.71,100,100,12.66
468,Apastovo,RU,2022-05-30 19:13:35,55.2029,48.5109,51.31,80,60,5.55
469,Kroya,ID,2022-05-30 19:13:36,-7.6331,109.2461,77.27,85,19,2.3
470,Fairbanks,US,2022-05-30 19:10:11,64.8378,-147.7164,67.08,42,20,0.0
471,Pangnirtung,CA,2022-05-30 19:13:36,66.1451,-65.7125,35.69,92,9,2.06
472,Powell,US,2022-05-30 19:13:37,40.1578,-83.0752,87.82,47,75,16.11
473,Three Hills,CA,2022-05-30 19:10:02,51.7001,-113.2686,56.61,47,99,16.82
474,Heilbron,ZA,2022-05-30 19:13:37,-27.2812,27.9709,47.3,42,0,5.08
475,Havoysund,NO,2022-05-30 19:13:38,70.9963,24.6622,46.63,57,0,11.83
476,Lorengau,PG,2022-05-30 19:13:38,-2.0226,147.2712,78.67,86,100,9.78
477,Tonj,SS,2022-05-30 19:13:38,7.2737,28.6822,79.5,53,8,4.36
478,Roswell,US,2022-05-30 19:13:39,34.0232,-84.3616,89.62,61,20,4.0
479,Medicine Hat,CA,2022-05-30 19:10:31,50.0501,-110.6683,55.72,79,100,1.99
480,Hamilton,US,2022-05-30 19:10:30,39.1834,-84.5333,89.26,51,40,13.8
481,Khuzdar,PK,2022-05-30 19:13:39,27.7384,66.6434,78.53,14,0,4.54
482,Ko Samui,TH,2022-05-30 19:13:40,9.5357,99.9357,82.27,76,100,12.88
483,Nogent-Le-Rotrou,FR,2022-05-30 19:13:40,48.3333,1.0,58.66,59,88,4.5
484,Port-Gentil,GA,2022-05-30 19:13:41,-0.7193,8.7815,75.16,88,20,11.5
485,Pisco,PE,2022-05-30 19:13:41,-13.7,-76.2167,68.05,68,0,5.75
486,Arrifes,PT,2022-05-30 19:13:42,37.7667,-25.7,58.23,88,75,9.22
487,Ambon,ID,2022-05-30 19:13:42,-3.6954,128.1814,75.34,94,40,4.61
488,Bonthe,SL,2022-05-30 19:13:43,7.5264,-12.505,80.85,81,100,6.2
489,Dalnegorsk,RU,2022-05-30 19:13:43,44.5604,135.5701,46.74,94,100,2.53
490,Beloha,MG,2022-05-30 19:13:43,-25.1667,45.05,64.99,82,0,3.76
491,Matara,LK,2022-05-30 19:13:44,5.9485,80.5353,76.93,92,100,12.86
492,Qandala,SO,2022-05-30 19:13:44,11.472,49.8728,90.03,41,87,6.89
493,Gamba,GA,2022-05-30 19:13:45,-2.65,10.0,73.45,91,17,6.85
494,The Valley,AI,2022-05-30 19:13:45,18.217,-63.0578,85.82,74,47,17.65
495,Novomyshastovskaya,RU,2022-05-30 19:13:46,45.1991,38.5827,73.62,75,45,5.12
496,Mount Gambier,AU,2022-05-30 19:13:46,-37.8333,140.7667,45.73,87,100,13.91
497,Murdochville,CA,2022-05-30 19:13:46,48.9583,-65.5006,43.95,61,100,13.31
498,Davila,PH,2022-05-30 19:13:47,18.4726,120.5763,81.86,77,87,4.25
499,Noumea,NC,2022-05-30 19:13:47,-22.2763,166.4572,75.0,99,98,3.49
500,San Jeronimo,PE,2022-05-30 19:13:48,-11.9472,-75.2829,62.78,42,100,6.06
501,Stawell,AU,2022-05-30 19:13:48,-37.05,142.7667,42.26,81,2,13.51
502,Jalingo,NG,2022-05-30 19:13:48,8.8833,11.3667,83.8,61,98,5.01
503,Pangai,TO,2022-05-30 19:13:49,-19.8,-174.35,79.23,77,11,6.71
504,Grootfontein,NA,2022-05-30 19:13:49,-19.5667,18.1167,59.25,37,0,6.64
505,Qui Nhon,VN,2022-05-30 19:11:27,13.7667,109.2333,80.67,78,14,3.87
506,Nevers,FR,2022-05-30 19:14:50,46.9167,3.3333,58.53,55,100,5.99
507,High Prairie,CA,2022-05-30 19:14:50,55.4334,-116.4858,56.8,39,15,7.23
508,Sankt Jakob,AT,2022-05-30 19:14:51,46.5478,14.0572,58.26,94,91,1.95
509,Wukari,NG,2022-05-30 19:14:51,7.85,9.7833,82.47,67,91,7.14
510,Kitgum,UG,2022-05-30 19:14:52,3.2783,32.8867,65.82,94,83,1.74
511,Kaeo,NZ,2022-05-30 19:14:52,-35.1,173.7833,59.36,90,100,5.48
512,Necochea,AR,2022-05-30 19:14:52,-38.5473,-58.7368,48.06,50,98,14.47
513,Adrar,MR,2022-05-30 19:14:53,20.5022,-10.0711,95.9,14,44,5.46
514,Antofagasta,CL,2022-05-30 19:14:53,-23.65,-70.4,60.08,76,44,8.55
515,Emerald,AU,2022-05-30 19:14:54,-23.5333,148.1667,56.34,46,19,8.66
516,Yuanping,CN,2022-05-30 19:14:54,38.7153,112.7575,59.49,26,0,1.5
517,Hodosa,RO,2022-05-30 19:14:54,46.6333,24.8167,60.66,89,6,2.89
518,Shache,CN,2022-05-30 19:14:55,38.4167,77.2406,68.85,43,21,11.74
519,Maymyo,MM,2022-05-30 19:14:55,22.0333,96.4667,67.05,89,87,0.63
520,Deputatskiy,RU,2022-05-30 19:14:56,69.3,139.9,33.44,92,100,2.37
521,Comodoro Rivadavia,AR,2022-05-30 19:14:56,-45.8667,-67.5,48.06,46,40,14.97
522,Omsukchan,RU,2022-05-30 19:14:57,62.5333,155.8,36.25,99,100,6.82
523,Bonavista,CA,2022-05-30 19:14:57,48.6499,-53.1147,50.22,76,9,13.24
524,Alice Springs,AU,2022-05-30 19:14:57,-23.7,133.8833,45.95,53,100,5.75
525,Sale,MA,2022-05-30 19:14:58,34.0389,-6.8166,70.48,68,13,5.75
526,Butler,US,2022-05-30 19:14:58,39.4501,-84.5666,88.63,49,40,16.11
527,Aksarka,RU,2022-05-30 19:14:59,66.5606,67.7975,42.35,53,45,9.75
528,Abnub,EG,2022-05-30 19:14:59,27.2696,31.1511,91.98,10,0,11.72
529,Tochio,JP,2022-05-30 19:14:59,37.4667,139.0,59.32,90,100,6.29
530,Bud,US,2022-05-30 19:15:00,39.447,-86.1758,89.55,51,15,15.66
531,Hambantota,LK,2022-05-30 19:15:00,6.1241,81.1185,78.8,83,100,16.73
532,Kichmengskiy Gorodok,RU,2022-05-30 19:15:01,59.9816,45.7854,49.6,96,49,4.76
533,Irece,BR,2022-05-30 19:15:01,-11.3042,-41.8558,81.91,47,100,6.46
534,Dongsheng,CN,2022-05-30 19:15:01,39.8161,109.9776,62.24,17,4,15.19
535,Seminole,US,2022-05-30 19:15:02,28.7086,-81.2081,93.38,58,20,10.36
536,Lasa,IT,2022-05-30 19:15:02,46.6166,10.7002,55.36,94,99,1.25
537,Daru,PG,2022-05-30 19:15:03,-9.0763,143.2092,77.07,82,65,6.89
538,Kyenjojo,UG,2022-05-30 19:15:04,0.6328,30.6214,61.97,99,100,2.55
539,Nhulunbuy,AU,2022-05-30 19:15:05,-12.2333,136.7667,72.21,94,100,0.0
540,Staunton,US,2022-05-30 19:15:06,38.1496,-79.0717,87.31,36,0,5.75
541,Shihezi,CN,2022-05-30 19:15:07,44.3,86.0333,68.41,50,90,9.73
542,Reyes,BO,2022-05-30 19:15:07,-14.3167,-67.3833,84.16,74,75,4.61
543,Kropotkin,RU,2022-05-30 19:15:08,45.4375,40.5756,70.36,72,6,6.87
544,Hirara,JP,2022-05-30 19:15:08,24.8,125.2833,81.39,83,100,9.89
545,Estelle,US,2022-05-30 19:15:08,29.8458,-90.1067,91.0,57,75,13.8
546,Ayorou,NE,2022-05-30 19:15:09,14.7308,0.9174,88.65,38,100,13.31
547,Laiyang,CN,2022-05-30 19:15:09,36.9758,120.7136,61.93,45,0,7.94
548,Buala,SB,2022-05-30 19:15:10,-8.145,159.5921,80.83,76,98,8.55
